appointment_id,patient_id,patient_name,doctor_name,department,appointment_date,appointment_time,status
APT-2001,PAT-1094,Priya Joshi,Dr. Ananya Sen,Neurology,2025-06-23,09:00 AM,Scheduled
APT-2002,PAT-1111,Shreya Joshi,Dr. Madhav Joshi,Nephrology,2025-09-01,03:30 PM,Completed
APT-2003,PAT-1045,Madhav Patel,Dr. Kavita Gupta,Nephrology,2025-07-25,09:45 AM,Completed
APT-2004,PAT-1052,Zoya Chopra,Dr. Ananya Sen,Neurology,2025-09-09,02:00 PM,Completed
APT-2005,PAT-1017,Rohan Das,Dr. Vivek Deshmukh,Orthopedics,2026-09-04,09:00 AM,Scheduled
APT-2006,PAT-1098,Sunita Deshmukh,Dr. Sunita Nair,General Medicine,2025-11-05,04:15 PM,Completed
APT-2007,PAT-1048,Vivek Chopra,Dr. Suresh Menon,Endocrinology,2025-09-01,12:00 PM,Completed
APT-2008,PAT-1066,Vivek Mehta,Dr. Deepa Krishnan,Pulmonology,2025-12-12,03:30 PM,Completed
APT-2009,PAT-1072,Ananya Malhotra,Dr. Vikram Malhotra,Cardiology,2025-06-21,05:00 PM,Scheduled
APT-2010,PAT-1014,Vikram Das,Dr. Siddharth Kapoor,Neurology,2025-08-09,10:30 AM,Scheduled
APT-2011,PAT-1041,Aarav Deshmukh,Dr. Ananya Sen,Neurology,2025-08-04,02:00 PM,Cancelled
APT-2012,PAT-1031,Siddharth Sharma,Dr. Siddharth Kapoor,Neurology,2026-07-18,04:15 PM,Scheduled
APT-2013,PAT-1060,Varun Deshmukh,Dr. Siddharth Kapoor,Neurology,2025-05-25,11:15 AM,Cancelled
APT-2014,PAT-1016,Ramesh Iyer,Dr. Vikram Malhotra,Cardiology,2025-03-01,04:15 PM,Scheduled
APT-2015,PAT-1035,Swati Deshmukh,Dr. Kavita Gupta,Nephrology,2025-11-01,10:30 AM,Completed
APT-2016,PAT-1058,Sneha Krishnan,Dr. Deepa Krishnan,Pulmonology,2026-07-30,04:15 PM,Scheduled
APT-2017,PAT-1032,Sneha Kapoor,Dr. Alok Verma,General Medicine,2026-06-28,04:15 PM,Completed
APT-2018,PAT-1019,Divya Nair,Dr. Sneha Reddy,Orthopedics,2025-05-22,02:00 PM,Completed
APT-2019,PAT-1013,Suresh Nambiar,Dr. Madhav Joshi,Nephrology,2026-02-01,12:00 PM,Completed
APT-2020,PAT-1007,Rohan Mehta,Dr. Siddharth Kapoor,Neurology,2025-10-03,04:15 PM,Scheduled
APT-2021,PAT-1038,Pallavi Deshmukh,Dr. Vikram Malhotra,Cardiology,2025-08-13,12:00 PM,Completed
APT-2022,PAT-1050,Gaurav Menon,Dr. Vivek Deshmukh,Orthopedics,2026-05-25,02:00 PM,Completed
APT-2023,PAT-1079,Priya Iyer,Dr. Alok Verma,General Medicine,2026-09-29,02:45 PM,Completed
APT-2024,PAT-1054,Madhav Gupta,Dr. Suresh Menon,Endocrinology,2026-01-09,09:00 AM,Scheduled
APT-2025,PAT-1109,Aditi Menon,Dr. Siddharth Kapoor,Neurology,2025-05-03,05:00 PM,Scheduled
APT-2026,PAT-1021,Suresh Reddy,Dr. Arvind Kumar,Pulmonology,2026-08-02,05:00 PM,Scheduled
APT-2027,PAT-1042,Kavita Nair,Dr. Siddharth Kapoor,Neurology,2026-10-21,05:00 PM,Completed
APT-2028,PAT-1074,Pallavi Sen,Dr. Vikram Malhotra,Cardiology,2026-10-04,10:30 AM,Scheduled
APT-2029,PAT-1093,Pranav Nair,Dr. Alok Verma,General Medicine,2025-04-25,09:00 AM,Scheduled
APT-2030,PAT-1115,Ramesh Sen,Dr. Vivek Deshmukh,Orthopedics,2026-02-03,11:15 AM,Scheduled
APT-2031,PAT-1025,Amit Sen,Dr. Sunita Nair,General Medicine,2025-07-25,02:45 PM,Completed
APT-2032,PAT-1100,Nandini Iyer,Dr. Deepa Krishnan,Pulmonology,2025-04-29,02:45 PM,Completed
APT-2033,PAT-1064,Alok Bhat,Dr. Sunita Nair,General Medicine,2025-08-02,03:30 PM,Completed
APT-2034,PAT-1118,Siddharth Reddy,Dr. Siddharth Kapoor,Neurology,2025-04-08,10:30 AM,Scheduled
APT-2035,PAT-1113,Rahul Verma,Dr. Vivek Deshmukh,Orthopedics,2026-07-18,02:00 PM,Completed
APT-2036,PAT-1097,Amit Sen,Dr. Siddharth Kapoor,Neurology,2025-04-02,04:15 PM,Cancelled
APT-2037,PAT-1040,Zoya Gupta,Dr. Ananya Sen,Neurology,2025-03-13,03:30 PM,Completed
APT-2038,PAT-1090,Sanjay Reddy,Dr. Siddharth Kapoor,Neurology,2026-10-16,04:15 PM,Cancelled
APT-2039,PAT-1003,Rajesh Reddy,Dr. Kavita Gupta,Nephrology,2026-08-24,05:00 PM,Completed
APT-2040,PAT-1012,Shruti Kumar,Dr. Kavita Gupta,Nephrology,2025-10-15,12:00 PM,Completed
APT-2041,PAT-1051,Arjun Mukherjee,Dr. Rajesh Sharma,Cardiology,2026-10-06,12:00 PM,Scheduled
APT-2042,PAT-1065,Suresh Joshi,Dr. Rajesh Sharma,Cardiology,2025-04-19,03:30 PM,Scheduled
APT-2043,PAT-1059,Swati Bhat,Dr. Vivek Deshmukh,Orthopedics,2025-12-02,04:15 PM,Completed
APT-2044,PAT-1114,Arjun Bhat,Dr. Arvind Kumar,Pulmonology,2026-05-08,12:00 PM,Cancelled
APT-2045,PAT-1028,Vikram Nambiar,Dr. Arvind Kumar,Pulmonology,2026-01-10,02:45 PM,Completed
