patient_id,name,age,gender,phone,address,blood_group,disease,doctor,department,treatment,treatment_cost,treatment_outcome,admission_date,discharge_date,registration_date
PAT-1001,Aditi Gupta,56,Female,7339670711,"#38, Connaught Place, New Delhi",AB+,Epilepsy,Dr. Ananya Sen,Neurology,Anticonvulsant Drug Therapy,22699.22,Recovered,2025-09-12,2025-09-23,2025-09-10
PAT-1002,Kiran Saxena,45,Male,9336696312,"#162, Navrangpura, Ahmedabad",A-,Dengue Fever,Dr. Alok Verma,General Medicine,IV Fluid Resuscitation & Platelet Monitoring,26868.37,Recovered,2025-06-23,2025-06-30,2025-06-23
PAT-1003,Rajesh Reddy,59,Male,8469319644,"#79, Mansarovar, Jaipur",O+,Chronic Kidney Disease,Dr. Kavita Gupta,Nephrology,Hemodialysis & Renal Protocol,93655.79,Recovered,2026-08-04,2026-08-16,2026-08-03
PAT-1004,Tanvi Mukherjee,73,Female,7856528252,"#23, Bandra West, Mumbai",B-,Dengue Fever,Dr. Sunita Nair,General Medicine,IV Fluid Resuscitation & Platelet Monitoring,29540.4,Under Treatment,2026-02-09,Ongoing,2026-02-08
PAT-1005,Rahul Nair,44,Male,8481469012,"#183, Anna Nagar, Chennai",A-,Chronic Kidney Disease,Dr. Madhav Joshi,Nephrology,Hemodialysis & Renal Protocol,71706.99,Recovered,2026-05-04,2026-05-10,2026-05-03
PAT-1006,Tanvi Krishnan,44,Other,8924970419,"#70, Indira Nagar, Bengaluru",O+,Gastroenteritis,Dr. Sunita Nair,General Medicine,Oral Rehydration & Antibiotic Regimen,10409.67,Recovered,2026-08-20,2026-08-27,2026-08-18
PAT-1007,Rohan Mehta,74,Male,9253407200,"#47, Banjara Hills, Hyderabad",A+,Epilepsy,Dr. Siddharth Kapoor,Neurology,Anticonvulsant Drug Therapy,41752.1,Recovered,2025-08-27,2025-09-06,2025-08-27
PAT-1008,Alok Verma,61,Male,6264112119,"#52, Kakkanad, Kochi",O+,Lumbar Spondylosis,Dr. Sneha Reddy,Orthopedics,Spinal Decompression & Rehab,24105.91,Unsuccessful,2026-07-11,2026-07-21,2026-07-10
PAT-1009,Aditi Krishnan,40,Female,6831980933,"#80, Aliganj, Lucknow",AB-,Acute Pneumonia,Dr. Arvind Kumar,Pulmonology,IV Antibiotics & Oxygen Therapy,37303.9,Recovered,2025-10-13,2025-10-17,2025-10-11
PAT-1010,Deepak Menon,57,Male,8786066793,"#167, Aliganj, Lucknow",A+,Bronchial Asthma,Dr. Arvind Kumar,Pulmonology,Inhaled Corticosteroids & Inhaler,22385.22,Improved,2025-05-10,2025-05-16,2025-05-09
PAT-1011,Madhav Mukherjee,40,Male,6191969690,"#136, Boring Road, Patna",O+,Dengue Fever,Dr. Alok Verma,General Medicine,IV Fluid Resuscitation & Platelet Monitoring,26215.76,Unsuccessful,2025-07-04,2025-07-14,2025-07-03
PAT-1012,Shruti Kumar,40,Female,7865523129,"#114, Banjara Hills, Hyderabad",O-,Kidney Stones,Dr. Kavita Gupta,Nephrology,Lithotripsy & Medical Expulsive Therapy,51389.97,Recovered,2025-09-25,2025-09-28,2025-09-25
PAT-1013,Suresh Nambiar,52,Male,7731832764,"#13, Anna Nagar, Chennai",A+,Chronic Kidney Disease,Dr. Madhav Joshi,Nephrology,Hemodialysis & Renal Protocol,48370.02,Recovered,2025-12-19,2025-12-29,2025-12-19
PAT-1014,Vikram Das,15,Male,7678998028,"#197, Connaught Place, New Delhi",O+,Migraine Headache,Dr. Siddharth Kapoor,Neurology,Triptans & Preventive Regimen,14561.57,Under Treatment,2025-07-28,Ongoing,2025-07-28
PAT-1015,Rakesh Sen,18,Male,9541417711,"#198, Navrangpura, Ahmedabad",A+,Chronic Kidney Disease,Dr. Madhav Joshi,Nephrology,Hemodialysis & Renal Protocol,65131.06,Recovered,2025-05-06,2025-05-11,2025-05-06
PAT-1016,Ramesh Iyer,38,Male,9297018781,"#130, Banjara Hills, Hyderabad",A+,Hypertension,Dr. Vikram Malhotra,Cardiology,ACE Inhibitors & Lifestyle Plan,8879.41,Unsuccessful,2025-01-30,2025-02-04,2025-01-30
PAT-1017,Rohan Das,30,Male,7530613729,"#54, Indira Nagar, Bengaluru",B+,Lumbar Spondylosis,Dr. Vivek Deshmukh,Orthopedics,Spinal Decompression & Rehab,22563.99,Improved,2026-08-09,2026-08-18,2026-08-07
PAT-1018,Nikhil Kumar,53,Male,6721890096,"#150, Boring Road, Patna",A+,Bronchial Asthma,Dr. Arvind Kumar,Pulmonology,Inhaled Corticosteroids & Inhaler,22178.49,Improved,2026-07-12,2026-07-14,2026-07-12
PAT-1019,Divya Nair,32,Female,6738914080,"#184, Bandra West, Mumbai",O+,Osteoarthritis,Dr. Sneha Reddy,Orthopedics,Joint Injections & Physiotherapy,54104.33,Recovered,2025-04-09,2025-04-21,2025-04-08
PAT-1020,Anjali Joshi,23,Female,8319321646,"#195, Kakkanad, Kochi",B+,Bronchial Asthma,Dr. Deepa Krishnan,Pulmonology,Inhaled Corticosteroids & Inhaler,23403.66,Recovered,2025-12-04,2025-12-06,2025-12-04
PAT-1021,Suresh Reddy,72,Male,6677280546,"#141, Anna Nagar, Chennai",A-,Bronchial Asthma,Dr. Arvind Kumar,Pulmonology,Inhaled Corticosteroids & Inhaler,19173.38,Recovered,2026-07-27,2026-08-02,2026-07-25
PAT-1022,Anjali Sharma,44,Female,8812308209,"#46, Bandra West, Mumbai",A-,Coronary Artery Disease,Dr. Rajesh Sharma,Cardiology,Coronary Angioplasty & Stent,114722.94,Recovered,2026-01-01,2026-01-13,2026-01-01
PAT-1023,Ritu Kapoor,49,Female,9369639388,"#35, Indira Nagar, Bengaluru",B-,Dengue Fever,Dr. Sunita Nair,General Medicine,IV Fluid Resuscitation & Platelet Monitoring,15060.28,Improved,2025-10-10,2025-10-19,2025-10-10
PAT-1024,Shruti Nambiar,23,Female,6220123666,"#188, Bandra West, Mumbai",O+,Epilepsy,Dr. Ananya Sen,Neurology,Anticonvulsant Drug Therapy,34815.21,Recovered,2025-05-25,2025-05-31,2025-05-25
PAT-1025,Amit Sen,38,Male,7832363533,"#182, Anna Nagar, Chennai",A+,Dengue Fever,Dr. Sunita Nair,General Medicine,IV Fluid Resuscitation & Platelet Monitoring,30737.98,Recovered,2025-06-30,2025-07-08,2025-06-30
PAT-1026,Kunal Joshi,49,Male,9961393416,"#75, Kakkanad, Kochi",A-,Gastroenteritis,Dr. Alok Verma,General Medicine,Oral Rehydration & Antibiotic Regimen,15849.5,Under Treatment,2025-08-30,Ongoing,2025-08-30
PAT-1027,Swati Sen,28,Female,8981044229,"#69, Anna Nagar, Chennai",A+,Hypothyroidism,Dr. Suresh Menon,Endocrinology,Levothyroxine Hormone Therapy,8032.32,Recovered,2025-10-28,2025-11-09,2025-10-27
PAT-1028,Vikram Nambiar,54,Male,8129635852,"#78, Bandra West, Mumbai",A+,Bronchial Asthma,Dr. Arvind Kumar,Pulmonology,Inhaled Corticosteroids & Inhaler,22352.0,Recovered,2025-12-03,2025-12-14,2025-12-02
PAT-1029,Kiran Mehta,37,Other,7373506211,"#193, Indira Nagar, Bengaluru",B+,Epilepsy,Dr. Ananya Sen,Neurology,Anticonvulsant Drug Therapy,31488.54,Unsuccessful,2025-12-21,2025-12-28,2025-12-19
PAT-1030,Kavita Malhotra,43,Female,8816070802,"#95, Kothrud, Pune",B+,Bronchial Asthma,Dr. Arvind Kumar,Pulmonology,Inhaled Corticosteroids & Inhaler,19886.25,Unsuccessful,2025-07-14,2025-07-25,2025-07-12
PAT-1031,Siddharth Sharma,37,Male,8408071259,"#122, Anna Nagar, Chennai",O+,Epilepsy,Dr. Siddharth Kapoor,Neurology,Anticonvulsant Drug Therapy,31719.29,Improved,2026-06-23,2026-06-27,2026-06-22
PAT-1032,Sneha Kapoor,79,Female,8200273738,"#184, Anna Nagar, Chennai",B+,Dengue Fever,Dr. Alok Verma,General Medicine,IV Fluid Resuscitation & Platelet Monitoring,15415.23,Recovered,2026-05-18,2026-05-21,2026-05-16
PAT-1033,Varun Mukherjee,47,Male,7871318048,"#110, Boring Road, Patna",B+,Type 2 Diabetes,Dr. Priya Patel,Endocrinology,Metformin & Insulin Therapy,22604.58,Under Treatment,2025-05-05,Ongoing,2025-05-04
PAT-1034,Vivek Kapoor,30,Male,9153921577,"#75, Aliganj, Lucknow",O+,Hypertension,Dr. Vikram Malhotra,Cardiology,ACE Inhibitors & Lifestyle Plan,14510.62,Improved,2026-08-12,2026-08-19,2026-08-10
PAT-1035,Swati Deshmukh,61,Female,9991816852,"#126, Aliganj, Lucknow",O+,Kidney Stones,Dr. Kavita Gupta,Nephrology,Lithotripsy & Medical Expulsive Therapy,34738.98,Recovered,2025-10-27,2025-11-05,2025-10-25
PAT-1036,Ritu Chopra,27,Female,6866162966,"#72, Banjara Hills, Hyderabad",A-,Bronchial Asthma,Dr. Arvind Kumar,Pulmonology,Inhaled Corticosteroids & Inhaler,16111.63,Recovered,2025-06-22,2025-06-27,2025-06-20
PAT-1037,Rakesh Joshi,51,Male,9546434187,"#64, Indira Nagar, Bengaluru",O+,Lumbar Spondylosis,Dr. Sneha Reddy,Orthopedics,Spinal Decompression & Rehab,25631.68,Unsuccessful,2025-11-17,2025-11-25,2025-11-16
PAT-1038,Pallavi Deshmukh,14,Female,7624232414,"#81, Anna Nagar, Chennai",B+,Coronary Artery Disease,Dr. Vikram Malhotra,Cardiology,Coronary Angioplasty & Stent,141821.15,Improved,2025-07-04,2025-07-08,2025-07-03
PAT-1039,Kiran Mehta,25,Other,6190137896,"#121, Kakkanad, Kochi",A+,Osteoarthritis,Dr. Sneha Reddy,Orthopedics,Joint Injections & Physiotherapy,43585.16,Recovered,2026-04-26,2026-05-03,2026-04-25
PAT-1040,Zoya Gupta,51,Female,9370874491,"#132, Bandra West, Mumbai",A+,Epilepsy,Dr. Ananya Sen,Neurology,Anticonvulsant Drug Therapy,26932.89,Recovered,2025-02-25,2025-03-02,2025-02-25
PAT-1041,Aarav Deshmukh,60,Male,7356135680,"#133, Connaught Place, New Delhi",B-,Epilepsy,Dr. Ananya Sen,Neurology,Anticonvulsant Drug Therapy,37388.23,Improved,2025-07-07,2025-07-18,2025-07-05
PAT-1042,Kavita Nair,50,Female,8216070149,"#18, Mansarovar, Jaipur",O+,Epilepsy,Dr. Siddharth Kapoor,Neurology,Anticonvulsant Drug Therapy,42712.35,Recovered,2026-09-15,2026-09-27,2026-09-13
PAT-1043,Vivek Malhotra,46,Male,6954942461,"#22, Mansarovar, Jaipur",B+,Osteoarthritis,Dr. Vivek Deshmukh,Orthopedics,Joint Injections & Physiotherapy,51696.71,Recovered,2026-03-22,2026-03-25,2026-03-21
PAT-1044,Rahul Menon,42,Male,9859466878,"#123, Connaught Place, New Delhi",A+,Epilepsy,Dr. Siddharth Kapoor,Neurology,Anticonvulsant Drug Therapy,32227.22,Under Treatment,2026-09-14,Ongoing,2026-09-13
PAT-1045,Madhav Patel,22,Male,8584044963,"#130, Anna Nagar, Chennai",B+,Kidney Stones,Dr. Kavita Gupta,Nephrology,Lithotripsy & Medical Expulsive Therapy,28746.2,Under Treatment,2025-07-21,Ongoing,2025-07-20
PAT-1046,Manish Joshi,35,Male,8740116562,"#82, Boring Road, Patna",B+,Migraine Headache,Dr. Ananya Sen,Neurology,Triptans & Preventive Regimen,9672.2,Recovered,2026-08-06,2026-08-15,2026-08-06
PAT-1047,Deepa Chopra,40,Female,6199915275,"#68, Banjara Hills, Hyderabad",B+,Hypothyroidism,Dr. Suresh Menon,Endocrinology,Levothyroxine Hormone Therapy,9102.93,Improved,2026-03-28,2026-04-07,2026-03-26
PAT-1048,Vivek Chopra,65,Male,8429233929,"#71, Banjara Hills, Hyderabad",A+,Type 2 Diabetes,Dr. Suresh Menon,Endocrinology,Metformin & Insulin Therapy,20657.45,Unsuccessful,2025-07-23,2025-07-28,2025-07-23
PAT-1049,Ritu Mukherjee,53,Female,8207939087,"#87, Anna Nagar, Chennai",A+,Type 2 Diabetes,Dr. Suresh Menon,Endocrinology,Metformin & Insulin Therapy,20204.24,Recovered,2025-03-02,2025-03-12,2025-03-02
PAT-1050,Gaurav Menon,18,Male,9210152642,"#158, Indira Nagar, Bengaluru",A-,Lumbar Spondylosis,Dr. Vivek Deshmukh,Orthopedics,Spinal Decompression & Rehab,20949.82,Recovered,2026-05-19,2026-05-22,2026-05-19
PAT-1051,Arjun Mukherjee,53,Male,6262915636,"#156, Connaught Place, New Delhi",O+,Hypertension,Dr. Rajesh Sharma,Cardiology,ACE Inhibitors & Lifestyle Plan,12685.55,Recovered,2026-09-19,2026-09-24,2026-09-17
PAT-1052,Zoya Chopra,41,Female,9419280490,"#121, Mansarovar, Jaipur",A-,Migraine Headache,Dr. Ananya Sen,Neurology,Triptans & Preventive Regimen,16028.31,Recovered,2025-08-20,2025-09-01,2025-08-19
PAT-1053,Madhav Nair,36,Male,6268075622,"#116, Indira Nagar, Bengaluru",B+,Epilepsy,Dr. Siddharth Kapoor,Neurology,Anticonvulsant Drug Therapy,22718.08,Recovered,2025-11-02,2025-11-11,2025-10-31
PAT-1054,Madhav Gupta,58,Male,7556489494,"#151, Bandra West, Mumbai",A+,Type 2 Diabetes,Dr. Suresh Menon,Endocrinology,Metformin & Insulin Therapy,11928.33,Recovered,2025-11-27,2025-12-08,2025-11-25
PAT-1055,Swati Reddy,65,Female,9839462365,"#191, Banjara Hills, Hyderabad",B+,Acute Pneumonia,Dr. Deepa Krishnan,Pulmonology,IV Antibiotics & Oxygen Therapy,28091.49,Recovered,2026-04-04,2026-04-11,2026-04-02
PAT-1056,Aditi Patel,63,Female,7824022357,"#162, Mansarovar, Jaipur",O+,Dengue Fever,Dr. Sunita Nair,General Medicine,IV Fluid Resuscitation & Platelet Monitoring,27972.85,Recovered,2026-07-02,2026-07-11,2026-06-30
PAT-1057,Neha Mukherjee,33,Female,9781594897,"#35, Navrangpura, Ahmedabad",B+,Lumbar Spondylosis,Dr. Vivek Deshmukh,Orthopedics,Spinal Decompression & Rehab,28722.14,Under Treatment,2025-12-19,Ongoing,2025-12-18
PAT-1058,Sneha Krishnan,42,Female,9973559879,"#21, Aliganj, Lucknow",B+,Acute Pneumonia,Dr. Deepa Krishnan,Pulmonology,IV Antibiotics & Oxygen Therapy,29013.96,Improved,2026-06-25,2026-07-07,2026-06-25
PAT-1059,Swati Bhat,53,Female,6301415220,"#104, Aliganj, Lucknow",B-,Osteoarthritis,Dr. Vivek Deshmukh,Orthopedics,Joint Injections & Physiotherapy,41717.42,Improved,2025-11-06,2025-11-15,2025-11-05
PAT-1060,Varun Deshmukh,64,Male,7862123506,"#91, Connaught Place, New Delhi",B+,Migraine Headache,Dr. Siddharth Kapoor,Neurology,Triptans & Preventive Regimen,9522.31,Under Treatment,2025-05-12,Ongoing,2025-05-11
PAT-1061,Meera Das,39,Female,8646397165,"#81, Boring Road, Patna",B+,Osteoarthritis,Dr. Vivek Deshmukh,Orthopedics,Joint Injections & Physiotherapy,50073.95,Recovered,2025-07-31,2025-08-10,2025-07-29
PAT-1062,Meera Patel,44,Female,8929653607,"#99, Kothrud, Pune",O+,Migraine Headache,Dr. Siddharth Kapoor,Neurology,Triptans & Preventive Regimen,10045.55,Recovered,2026-09-10,2026-09-22,2026-09-08
PAT-1063,Gaurav Chopra,29,Male,9470574014,"#153, Salt Lake, Kolkata",AB-,Lumbar Spondylosis,Dr. Vivek Deshmukh,Orthopedics,Spinal Decompression & Rehab,31913.63,Unsuccessful,2025-09-18,2025-09-26,2025-09-16
PAT-1064,Alok Bhat,27,Male,6441639230,"#133, Boring Road, Patna",AB+,Gastroenteritis,Dr. Sunita Nair,General Medicine,Oral Rehydration & Antibiotic Regimen,16895.73,Improved,2025-06-20,2025-06-22,2025-06-19
PAT-1065,Suresh Joshi,61,Male,6572775194,"#146, Bandra West, Mumbai",O+,Coronary Artery Disease,Dr. Rajesh Sharma,Cardiology,Coronary Angioplasty & Stent,155965.31,Unsuccessful,2025-04-02,2025-04-08,2025-04-01
PAT-1066,Vivek Mehta,71,Male,6452794611,"#148, Kakkanad, Kochi",B+,Bronchial Asthma,Dr. Deepa Krishnan,Pulmonology,Inhaled Corticosteroids & Inhaler,22644.43,Recovered,2025-11-05,2025-11-08,2025-11-05
PAT-1067,Deepak Menon,46,Male,6576396216,"#189, Connaught Place, New Delhi",A-,Coronary Artery Disease,Dr. Rajesh Sharma,Cardiology,Coronary Angioplasty & Stent,150730.04,Recovered,2026-02-03,2026-02-07,2026-02-02
PAT-1068,Rakesh Mukherjee,65,Male,7282518553,"#32, Connaught Place, New Delhi",B+,Lumbar Spondylosis,Dr. Sneha Reddy,Orthopedics,Spinal Decompression & Rehab,32605.26,Recovered,2026-05-04,2026-05-10,2026-05-02
PAT-1069,Vikram Sharma,54,Male,9408842146,"#151, Kakkanad, Kochi",A+,Lumbar Spondylosis,Dr. Vivek Deshmukh,Orthopedics,Spinal Decompression & Rehab,28223.02,Recovered,2025-09-29,2025-10-05,2025-09-28
PAT-1070,Rajesh Das,37,Male,6354697684,"#158, Kothrud, Pune",B+,Bronchial Asthma,Dr. Deepa Krishnan,Pulmonology,Inhaled Corticosteroids & Inhaler,27691.22,Improved,2025-10-23,2025-11-03,2025-10-23
PAT-1071,Ananya Deshmukh,54,Female,9994253959,"#70, Banjara Hills, Hyderabad",B+,Bronchial Asthma,Dr. Arvind Kumar,Pulmonology,Inhaled Corticosteroids & Inhaler,22692.48,Improved,2025-06-06,2025-06-09,2025-06-04
PAT-1072,Ananya Malhotra,74,Female,9135824891,"#105, Mansarovar, Jaipur",AB+,Coronary Artery Disease,Dr. Vikram Malhotra,Cardiology,Coronary Angioplasty & Stent,147323.66,Recovered,2025-06-01,2025-06-08,2025-05-30
PAT-1073,Ritu Nair,47,Female,8985503942,"#87, Navrangpura, Ahmedabad",AB+,Acute Pneumonia,Dr. Arvind Kumar,Pulmonology,IV Antibiotics & Oxygen Therapy,51035.23,Recovered,2025-09-05,2025-09-17,2025-09-03
PAT-1074,Pallavi Sen,74,Female,6948988297,"#15, Kothrud, Pune",A-,Coronary Artery Disease,Dr. Vikram Malhotra,Cardiology,Coronary Angioplasty & Stent,142097.99,Improved,2026-09-06,2026-09-18,2026-09-05
PAT-1075,Kavita Krishnan,8,Female,7606244434,"#170, Indira Nagar, Bengaluru",O+,Migraine Headache,Dr. Siddharth Kapoor,Neurology,Triptans & Preventive Regimen,13328.87,Improved,2026-05-07,2026-05-13,2026-05-05
PAT-1076,Kavita Iyer,61,Female,6139956218,"#138, Banjara Hills, Hyderabad",A+,Hypothyroidism,Dr. Priya Patel,Endocrinology,Levothyroxine Hormone Therapy,8995.04,Improved,2026-07-23,2026-08-03,2026-07-22
PAT-1077,Meera Bhat,49,Female,6995171130,"#169, Navrangpura, Ahmedabad",B+,Acute Pneumonia,Dr. Arvind Kumar,Pulmonology,IV Antibiotics & Oxygen Therapy,31649.01,Recovered,2025-09-14,2025-09-17,2025-09-13
PAT-1078,Deepak Nambiar,42,Other,8165015165,"#82, Kothrud, Pune",A+,Hypertension,Dr. Vikram Malhotra,Cardiology,ACE Inhibitors & Lifestyle Plan,13470.77,Improved,2026-09-18,2026-09-20,2026-09-18
PAT-1079,Priya Iyer,49,Female,7173669588,"#65, Aliganj, Lucknow",B+,Gastroenteritis,Dr. Alok Verma,General Medicine,Oral Rehydration & Antibiotic Regimen,14969.32,Improved,2026-09-17,2026-09-23,2026-09-17
PAT-1080,Meera Iyer,14,Female,8957397689,"#40, Connaught Place, New Delhi",B-,Hypertension,Dr. Rajesh Sharma,Cardiology,ACE Inhibitors & Lifestyle Plan,11186.82,Improved,2026-09-10,2026-09-12,2026-09-09
PAT-1081,Amit Iyer,44,Male,9664880035,"#28, Bandra West, Mumbai",B+,Dengue Fever,Dr. Sunita Nair,General Medicine,IV Fluid Resuscitation & Platelet Monitoring,22684.09,Recovered,2025-03-02,2025-03-14,2025-02-28
PAT-1082,Swati Menon,54,Female,6165310776,"#114, Navrangpura, Ahmedabad",B+,Coronary Artery Disease,Dr. Vikram Malhotra,Cardiology,Coronary Angioplasty & Stent,100144.35,Recovered,2025-06-15,2025-06-19,2025-06-15
PAT-1083,Varun Mukherjee,73,Male,8508992977,"#147, Mansarovar, Jaipur",A-,Migraine Headache,Dr. Siddharth Kapoor,Neurology,Triptans & Preventive Regimen,14637.86,Recovered,2026-08-04,2026-08-09,2026-08-02
PAT-1084,Madhav Bhat,39,Male,8988434627,"#114, Navrangpura, Ahmedabad",B+,Coronary Artery Disease,Dr. Vikram Malhotra,Cardiology,Coronary Angioplasty & Stent,116876.65,Recovered,2025-06-22,2025-07-01,2025-06-20
PAT-1085,Arjun Patel,34,Male,9203685265,"#107, Boring Road, Patna",O+,Epilepsy,Dr. Ananya Sen,Neurology,Anticonvulsant Drug Therapy,36740.29,Recovered,2026-03-26,2026-03-28,2026-03-24
PAT-1086,Nandini Malhotra,39,Female,8211240259,"#141, Mansarovar, Jaipur",A+,Chronic Kidney Disease,Dr. Kavita Gupta,Nephrology,Hemodialysis & Renal Protocol,87363.74,Recovered,2026-08-08,2026-08-11,2026-08-07
PAT-1087,Shreya Singh,63,Female,9702332331,"#169, Mansarovar, Jaipur",AB+,Epilepsy,Dr. Ananya Sen,Neurology,Anticonvulsant Drug Therapy,22636.97,Recovered,2025-11-28,2025-12-05,2025-11-27
PAT-1088,Gaurav Mukherjee,53,Male,9174716780,"#174, Connaught Place, New Delhi",O+,Coronary Artery Disease,Dr. Rajesh Sharma,Cardiology,Coronary Angioplasty & Stent,124388.27,Recovered,2026-01-29,2026-02-05,2026-01-28
PAT-1089,Shreya Deshmukh,38,Female,6156488296,"#52, Connaught Place, New Delhi",AB-,Coronary Artery Disease,Dr. Rajesh Sharma,Cardiology,Coronary Angioplasty & Stent,126017.91,Recovered,2026-04-13,2026-04-19,2026-04-12
PAT-1090,Sanjay Reddy,56,Male,8561616250,"#84, Bandra West, Mumbai",AB+,Epilepsy,Dr. Siddharth Kapoor,Neurology,Anticonvulsant Drug Therapy,22999.18,Recovered,2026-09-20,2026-09-22,2026-09-20
PAT-1091,Kiran Iyer,49,Male,8410791488,"#42, Salt Lake, Kolkata",A+,Chronic Kidney Disease,Dr. Kavita Gupta,Nephrology,Hemodialysis & Renal Protocol,51459.29,Improved,2025-09-09,2025-09-19,2025-09-07
PAT-1092,Tanvi Patel,64,Female,9896760809,"#123, Indira Nagar, Bengaluru",A+,Coronary Artery Disease,Dr. Vikram Malhotra,Cardiology,Coronary Angioplasty & Stent,135137.98,Improved,2026-03-19,2026-03-22,2026-03-18
PAT-1093,Pranav Nair,36,Male,9993381017,"#104, Boring Road, Patna",A+,Dengue Fever,Dr. Alok Verma,General Medicine,IV Fluid Resuscitation & Platelet Monitoring,22406.5,Recovered,2025-04-06,2025-04-12,2025-04-05
PAT-1094,Priya Joshi,42,Female,7182011731,"#174, Aliganj, Lucknow",A+,Epilepsy,Dr. Ananya Sen,Neurology,Anticonvulsant Drug Therapy,29724.19,Unsuccessful,2025-06-15,2025-06-18,2025-06-15
PAT-1095,Kiran Nair,41,Male,7916274954,"#31, Kakkanad, Kochi",A+,Gastroenteritis,Dr. Sunita Nair,General Medicine,Oral Rehydration & Antibiotic Regimen,14790.01,Improved,2026-04-21,2026-05-02,2026-04-19
PAT-1096,Nandini Joshi,23,Female,8262089272,"#29, Navrangpura, Ahmedabad",B+,Kidney Stones,Dr. Kavita Gupta,Nephrology,Lithotripsy & Medical Expulsive Therapy,43376.91,Recovered,2025-04-01,2025-04-10,2025-03-31
PAT-1097,Amit Sen,53,Male,8182389284,"#35, Kakkanad, Kochi",B+,Epilepsy,Dr. Siddharth Kapoor,Neurology,Anticonvulsant Drug Therapy,34767.25,Unsuccessful,2025-02-27,2025-03-10,2025-02-26
PAT-1098,Sunita Deshmukh,52,Female,9638339044,"#27, Connaught Place, New Delhi",B+,Dengue Fever,Dr. Sunita Nair,General Medicine,IV Fluid Resuscitation & Platelet Monitoring,23577.33,Recovered,2025-09-27,2025-10-06,2025-09-25
PAT-1099,Tanvi Sen,48,Other,8403754671,"#116, Kothrud, Pune",AB-,Kidney Stones,Dr. Madhav Joshi,Nephrology,Lithotripsy & Medical Expulsive Therapy,29713.71,Recovered,2026-02-15,2026-02-21,2026-02-14
PAT-1100,Nandini Iyer,44,Female,8187512088,"#181, Mansarovar, Jaipur",A+,Acute Pneumonia,Dr. Deepa Krishnan,Pulmonology,IV Antibiotics & Oxygen Therapy,29352.74,Improved,2025-04-12,2025-04-22,2025-04-11
PAT-1101,Pranav Iyer,23,Male,6793663866,"#120, Kakkanad, Kochi",B+,Coronary Artery Disease,Dr. Vikram Malhotra,Cardiology,Coronary Angioplasty & Stent,107618.4,Recovered,2026-05-27,2026-06-01,2026-05-27
PAT-1102,Tanvi Patel,40,Other,8946237594,"#141, Bandra West, Mumbai",AB-,Gastroenteritis,Dr. Alok Verma,General Medicine,Oral Rehydration & Antibiotic Regimen,15887.53,Improved,2026-09-19,2026-09-23,2026-09-18
PAT-1103,Vivek Deshmukh,42,Male,7874364348,"#23, Navrangpura, Ahmedabad",B+,Kidney Stones,Dr. Madhav Joshi,Nephrology,Lithotripsy & Medical Expulsive Therapy,43875.48,Improved,2026-04-19,2026-04-29,2026-04-19
PAT-1104,Rohan Kumar,34,Male,8828326405,"#124, Mansarovar, Jaipur",B+,Acute Pneumonia,Dr. Deepa Krishnan,Pulmonology,IV Antibiotics & Oxygen Therapy,51122.97,Under Treatment,2025-06-06,Ongoing,2025-06-05
PAT-1105,Rohan Sen,45,Male,6863860982,"#43, Aliganj, Lucknow",A-,Gastroenteritis,Dr. Alok Verma,General Medicine,Oral Rehydration & Antibiotic Regimen,12043.87,Improved,2026-04-07,2026-04-12,2026-04-07
PAT-1106,Tanvi Sharma,54,Female,9157184151,"#140, Kothrud, Pune",B+,Lumbar Spondylosis,Dr. Sneha Reddy,Orthopedics,Spinal Decompression & Rehab,21592.62,Recovered,2025-04-28,2025-05-10,2025-04-26
PAT-1107,Gaurav Iyer,80,Male,6408034406,"#190, Navrangpura, Ahmedabad",O+,Gastroenteritis,Dr. Sunita Nair,General Medicine,Oral Rehydration & Antibiotic Regimen,13538.13,Under Treatment,2025-02-04,Ongoing,2025-02-03
PAT-1108,Gaurav Nambiar,50,Male,9219385981,"#72, Banjara Hills, Hyderabad",A-,Coronary Artery Disease,Dr. Rajesh Sharma,Cardiology,Coronary Angioplasty & Stent,139726.62,Improved,2025-03-20,2025-03-29,2025-03-20
PAT-1109,Aditi Menon,52,Female,7871531100,"#86, Connaught Place, New Delhi",B+,Migraine Headache,Dr. Siddharth Kapoor,Neurology,Triptans & Preventive Regimen,12635.97,Recovered,2025-04-14,2025-04-21,2025-04-12
PAT-1110,Sanjay Nambiar,46,Male,6519246503,"#23, Navrangpura, Ahmedabad",B-,Bronchial Asthma,Dr. Deepa Krishnan,Pulmonology,Inhaled Corticosteroids & Inhaler,18999.31,Recovered,2025-09-20,2025-10-02,2025-09-18
PAT-1111,Shreya Joshi,15,Female,7147605080,"#151, Salt Lake, Kolkata",B+,Kidney Stones,Dr. Madhav Joshi,Nephrology,Lithotripsy & Medical Expulsive Therapy,53501.3,Improved,2025-07-20,2025-07-23,2025-07-20
PAT-1112,Swati Verma,47,Female,8316456682,"#63, Indira Nagar, Bengaluru",O+,Acute Pneumonia,Dr. Deepa Krishnan,Pulmonology,IV Antibiotics & Oxygen Therapy,51717.19,Improved,2025-10-01,2025-10-13,2025-10-01
PAT-1113,Rahul Verma,49,Male,8393364102,"#106, Bandra West, Mumbai",B+,Lumbar Spondylosis,Dr. Vivek Deshmukh,Orthopedics,Spinal Decompression & Rehab,23424.59,Recovered,2026-06-09,2026-06-19,2026-06-08
PAT-1114,Arjun Bhat,85,Male,6562360908,"#58, Mansarovar, Jaipur",B+,Bronchial Asthma,Dr. Arvind Kumar,Pulmonology,Inhaled Corticosteroids & Inhaler,18590.88,Recovered,2026-04-18,2026-04-26,2026-04-16
PAT-1115,Ramesh Sen,44,Male,9145478504,"#102, Boring Road, Patna",B+,Osteoarthritis,Dr. Vivek Deshmukh,Orthopedics,Joint Injections & Physiotherapy,37476.36,Improved,2026-01-24,2026-02-05,2026-01-22
PAT-1116,Aarav Iyer,53,Male,9137365109,"#29, Connaught Place, New Delhi",A+,Kidney Stones,Dr. Kavita Gupta,Nephrology,Lithotripsy & Medical Expulsive Therapy,37954.21,Improved,2025-06-23,2025-07-02,2025-06-21
PAT-1117,Tanvi Chopra,47,Female,6716243819,"#147, Connaught Place, New Delhi",B+,Bronchial Asthma,Dr. Deepa Krishnan,Pulmonology,Inhaled Corticosteroids & Inhaler,27447.28,Recovered,2025-07-25,2025-08-04,2025-07-24
PAT-1118,Siddharth Reddy,28,Male,8932111777,"#192, Banjara Hills, Hyderabad",B+,Epilepsy,Dr. Siddharth Kapoor,Neurology,Anticonvulsant Drug Therapy,26403.92,Recovered,2025-04-01,2025-04-05,2025-03-31
PAT-1119,Swati Patel,67,Female,8817087513,"#193, Salt Lake, Kolkata",A+,Epilepsy,Dr. Siddharth Kapoor,Neurology,Anticonvulsant Drug Therapy,40729.97,Improved,2025-07-13,2025-07-23,2025-07-12
PAT-1120,Kiran Iyer,60,Male,7948656610,"#18, Navrangpura, Ahmedabad",B+,Epilepsy,Dr. Siddharth Kapoor,Neurology,Anticonvulsant Drug Therapy,39680.56,Improved,2025-04-13,2025-04-19,2025-04-13
PAT-1121,Vivek Das,61,Male,9925884151,"#159, Kothrud, Pune",A+,Acute Pneumonia,Dr. Arvind Kumar,Pulmonology,IV Antibiotics & Oxygen Therapy,38111.66,Improved,2025-05-28,2025-06-09,2025-05-26
PAT-1122,Meera Bhat,32,Female,6992699085,"#144, Bandra West, Mumbai",A+,Hypothyroidism,Dr. Priya Patel,Endocrinology,Levothyroxine Hormone Therapy,11641.06,Recovered,2026-07-01,2026-07-04,2026-06-30
PAT-1123,Varun Nambiar,71,Male,8234400576,"#89, Kakkanad, Kochi",B+,Hypertension,Dr. Rajesh Sharma,Cardiology,ACE Inhibitors & Lifestyle Plan,9784.0,Improved,2025-12-28,2025-12-30,2025-12-26
PAT-1124,Aditi Patel,24,Female,6788755699,"#79, Mansarovar, Jaipur",B-,Dengue Fever,Dr. Sunita Nair,General Medicine,IV Fluid Resuscitation & Platelet Monitoring,23466.65,Improved,2025-11-09,2025-11-15,2025-11-07
PAT-1125,Vikram Mehta,57,Male,8586989309,"#188, Bandra West, Mumbai",A+,Lumbar Spondylosis,Dr. Vivek Deshmukh,Orthopedics,Spinal Decompression & Rehab,25431.07,Recovered,2025-06-12,2025-06-19,2025-06-11
